height,mid_lenght,top_lenth,weight,index
168.64887511304482,87.78786833724237,88.32478529370682,74,1
168.9885954002355,68.47844406451708,91.52937846549898,77,2
168.6434001825415,85.32727345180038,88.86817714860878,80,3
166.27830558913288,77.18861151871543,88.29930862673945,81,4
170.41579595542498,83.37291601738018,89.1687563892936,78,5
168.95990276139372,72.91710052113116,92.47119713604879,77,6
174.34348649434267,77.1348944392106,78.50789014667183,73,7
173.54275359322259,69.20730010429185,91.2100242504428,67,8
168.6960699159446,78.98508283362477,79.78740003807697,65,9
170.25368106061796,64.5477410457026,82.38210494952652,66,10
174.24457466491907,71.27989020405228,92.84446640233581,70,11
175.61299272755122,86.19856970422833,86.02882484822487,76,12
165.53810171393607,86.69947247722875,82.47899980560933,67,13
176.33660529409406,84.55525647710661,88.9338802129616,76,14
167.9251864861961,72.73567665151324,95.14375369864743,67,15
165.06906386766354,67.64955185908919,92.42516387905897,78,16
174.24045776363693,84.8460953841385,78.59846345141008,78,17
169.66921882650294,84.691859572082,89.00341102324002,66,18
171.92137227246553,70.83847152331323,89.78388822861729,79,19
168.74583988166106,77.51433863564654,90.1104323381679,67,20
173.90528024571464,64.51254356182639,86.28882206355756,78,21
165.37607898049606,67.41478383183224,84.07472384206318,79,22
167.67166843869103,79.37029003276608,84.30434336712867,73,23
174.8711828014249,64.21664855703033,88.71810485165071,66,24
166.96497639863662,67.12490938068466,88.34977195960964,65,25
164.55546433945392,80.03061009563655,78.51975905448232,69,26
170.5328827252543,84.4002027450301,81.48038649889709,67,27
176.84487506420413,74.66069196009336,87.22048975957505,70,28
171.0776942746855,64.35450774575688,93.98089727692422,76,29
170.09822958034474,67.28871881231022,86.51494995286244,72,30
167.38266209493665,75.12057469156235,91.8854917240688,78,31
165.28379762062264,68.36206528987033,89.86700304025894,72,32
167.1845678934001,81.07378762222154,88.60980151204178,66,33
168.12753838452625,86.95504303413762,85.64192707354016,71,34
176.82736289420578,74.52266359826329,83.82927066321233,66,35
174.1914557191073,77.53475892842572,94.16792758742994,66,36
169.75261523095622,80.65363074338106,94.09287274435665,78,37
166.3585051292155,65.48153885985036,85.68857029552463,73,38
174.68246004436403,79.68608087306761,86.10101988312618,76,39
169.7772858609041,66.21432082035871,79.51551593365659,66,40
166.89916698324785,71.12930452428441,82.33865274469674,65,41
166.0905772312806,64.25599008322618,90.5705740749751,75,42
172.1370191034067,75.87043020667193,81.42974861189623,79,43
171.17895752308968,73.54328248469801,91.25056636476914,79,44
164.30589049958718,76.96795196114287,83.70236036928064,78,45
165.6381684897584,77.16837585635359,83.72189005182375,78,46
164.39349474114525,64.6713488641023,85.33465031943125,71,47
169.58192431756166,66.89993937065097,81.28690514943186,79,48
168.49134971370455,65.09017795605625,90.48940221830455,68,49
168.65565758247612,87.35898433696555,91.76106277402522,70,50
176.68344120665176,78.92515781665689,91.88438961533929,80,51
174.7332959457965,64.2835840948838,81.48062664817516,76,52
174.27454933552588,77.98849077439729,81.39686871246337,71,53
177.39233627854705,81.12223116215587,82.44773589082352,69,54
174.01404612213113,87.18258181378607,92.11364223542454,69,55
170.16956844580343,84.6576616901921,80.75300611951633,66,56
177.14197199802703,80.80256562600127,88.2884660919085,66,57
166.62081946664935,67.07714155897003,90.43298476369058,81,58
168.4266696189822,64.14218713798545,83.70640832297778,73,59
167.58761845874213,67.96382655166546,89.00065322592071,75,60
166.0493297749173,78.728807679146,83.95262316306992,72,61
176.24121393959618,66.65275742017846,82.24047883472824,73,62
169.23815010944074,68.26402874806888,91.1280370798809,67,63
175.2063476583206,78.87692366646424,79.59126684974082,79,64
172.2090442443042,83.12035121113077,82.22120022426671,76,65
169.28433843602943,71.989789559738,93.62847579006126,68,66
176.05541870897855,83.1508433379162,89.45322409946273,78,67
174.02418247044216,85.16344874731111,84.28174721972061,68,68
170.06876669722607,83.33865785932194,89.1339400195877,73,69
165.68249865925043,84.06018020113525,86.632725586911,67,70
171.84814632072167,79.57871428128419,94.89702365111472,70,71
177.1778481742205,81.57663854683156,88.5445409290892,81,72
172.38432501399768,64.683821630147,81.45487688569392,70,73
175.74467228039342,81.2081263555454,86.8497510534019,66,74
175.0619199001779,85.35694164124493,85.47014686178778,73,75
170.2874668167892,77.46488215765253,81.00975081078631,69,76
174.79057895750347,76.27389000194415,83.52096613867491,67,77
166.56915929299302,70.34081780818799,93.29385082506681,66,78
169.22369965669654,87.35992366267419,79.3939378004853,70,79
173.02161814318313,66.36719189474007,88.93335759578041,67,80
176.88717255569992,64.14185107116286,86.39695671259713,71,81
165.1427122730657,83.48807692551027,89.91315397848324,71,82
168.2039310940528,75.48470493309424,86.87435129387451,77,83
171.80016311060203,82.6082571366855,89.27122449361798,65,84
164.41756281250625,78.85545090121595,79.80148642447098,72,85
167.23709967740487,81.46092179439353,85.70232182308777,66,86
167.98294950155295,70.38879648973223,79.49739890900499,65,87
174.79181553472048,64.80723954997322,92.22911975450218,66,88
171.43607582755277,68.50517297842195,89.12784723680804,69,89
167.0981277955143,65.61634515651134,90.38793948367554,69,90
167.42110406108202,80.34657839455423,86.03210008580432,76,91
166.7033794840498,73.13881049707967,85.27305181033734,80,92
177.49602182303985,87.0543050255844,89.09305151231284,69,93
172.40478115755522,76.73526541437427,94.3935386102501,66,94
175.97924548333907,74.07164109875309,90.925008141738,75,95
171.88219321434784,76.70169487138996,83.58043790002203,79,96
173.82514940640283,78.93581221046335,86.79188786239929,75,97
175.40846528957167,67.71523551085053,82.51902914269189,65,98
177.44349368188668,66.79774302249815,91.59702113231901,72,99
171.2510616785176,74.5906804860231,84.57255270751085,66,100
175.94460230222316,77.21688577320789,83.2571355693065,67,101
168.93139171944944,66.83397649427586,86.61647722206925,65,102
176.2410668904569,81.90790499906441,87.18515907316346,68,103
174.20013482480857,72.15336884611634,88.00245332296646,75,104
173.67016568617885,75.52015481437074,90.41476401100309,75,105
170.28847834289712,76.73479634716324,86.06638684404749,73,106
176.96851390024327,72.96885052676532,91.78641080224833,80,107
167.30091110125537,66.9838169703274,90.03796720687515,79,108
171.2914902233554,79.31441860924402,94.65765968515852,74,109
166.29953945504224,70.40514127561752,89.35983340715643,71,110
168.87906544337395,64.65323872131177,90.17893438935853,66,111
166.6365748500015,79.22196536415406,91.87110773291863,77,112
170.86691198563216,87.68275545041588,82.67355804113286,75,113
164.55761844538563,73.96425444056784,84.46091937793413,69,114
166.12897942403498,77.17690663286035,83.43219582925013,65,115
172.41093276582163,79.82712473489164,78.92126499317385,75,116
170.03333635321093,71.57300759536528,78.35512307047995,73,117
169.64542760631636,82.18573803355795,85.53061145906722,78,118
171.1097839107578,70.17507719731466,90.08897732540271,81,119
174.17108724291282,70.25729894500071,89.30716791376503,76,120
175.07501489683287,85.90610468756373,82.50686455962244,74,121
176.45570765205878,84.73600155162652,82.45666043129616,65,122
166.37491915587583,72.67003322734244,92.18546417163935,79,123
166.83802421741012,67.17351434091633,84.48009305010126,73,124
165.77149399481357,70.88849290078713,81.7465486033532,78,125
169.00835112222742,64.99621541404588,86.1799507989448,69,126
175.05938082778738,74.09333409462066,90.26554978744124,78,127
170.06163309099375,75.80600612057074,92.53515677175467,66,128
166.02127403208087,69.86832946676603,78.38721561303335,65,129
167.10442991822566,79.5368998826715,86.36389473595439,72,130
173.15387346774997,72.4051898842402,85.605976724857,80,131
167.43765709946504,77.759579532157,81.4144580043654,81,132
170.99108819049079,73.97966701481778,93.02584291462439,77,133
169.30654172527326,66.4504740032308,91.97244330539397,66,134
171.38597440200525,71.39943038652453,85.74307030933903,68,135
171.04378255161924,65.88331814751523,78.64167622680239,70,136
175.17919258560502,74.82546644338943,82.98293806075117,81,137
165.05670457507347,80.39350140061222,94.10417281070605,78,138
168.64128819924082,87.71069249547159,83.00236891285583,77,139
169.93285732042926,73.50945279670592,94.07363327427278,67,140
171.44707455595864,78.28573746566374,88.59543260826948,77,141
165.2637945044234,76.97976950680136,82.04966316475968,71,142
169.97110063335083,72.66270584171848,93.63457298915166,80,143
165.6071505559955,83.89054549034617,92.0173425779688,78,144
172.66763498059717,69.68004320163843,88.21444738561597,67,145
167.8455368463254,71.9703232504715,87.85847766934327,73,146
164.8008624704191,67.76337164014994,82.01679429507908,75,147
169.00915532597904,76.8718646798093,84.00885646820586,67,148
169.53147812557992,81.48305461138426,93.12526141839149,75,149
168.41380740601983,74.15352157805815,84.61809099049319,75,150
169.01894998829087,76.54144514759466,82.63976187956601,77,151
165.69468968925526,76.24029763042503,90.19011467490164,80,152
169.67333542024744,79.31145048649059,93.31788868609482,69,153
168.7856033425918,81.2375295123679,93.95951832417587,67,154
168.33572465087855,72.25747623901955,86.08075181881536,81,155
174.24814585188426,78.24640526345405,80.61374968697336,70,156
176.22045641894172,72.63611728826523,84.32280800890744,73,157
176.70037101429168,86.02726546773044,81.00424218585069,65,158
170.5172428040126,81.43551191547608,83.61022717389997,77,159
168.1014329001261,68.97543687072078,85.43080747607935,79,160
170.49320849156624,78.25201685500961,85.51583428146319,80,161
173.39764981583008,64.05882128882831,84.23560697118079,68,162
165.02243292778627,77.50915271543062,80.55568815205203,67,163
173.85027459138973,86.78603957037419,85.45440507327999,80,164
165.8858255679011,82.53802658624919,85.77149925030085,70,165
172.34527493918333,84.29263894464411,84.6855134388074,71,166
165.51683706869798,74.15994063796492,79.99848341834546,79,167
167.98888781208694,74.18338637253844,80.78202531254715,68,168
164.54029531102054,77.65382574043967,79.18699529031804,71,169
165.0019703161439,82.86533790682938,82.37213916308507,66,170
171.93791125637168,72.02243976491833,79.45916916711666,71,171
164.99161153576162,69.00189587497236,84.16430216661374,73,172
167.16388431762596,65.16417697325355,81.09641052819546,80,173
170.45497860782456,84.17306908449181,81.43611188680623,78,174
168.0711395371127,71.56698666067999,90.7661305088065,72,175
166.3098985294076,83.8009899593037,87.75519189690091,76,176
165.33578236782427,78.20240141083275,83.78556212668703,72,177
165.44532792349463,80.11046125193417,81.58994590747794,68,178
172.7407052943389,76.94713266651604,91.61155410511458,67,179
164.48561828313322,77.17384597848074,86.6226538972041,69,180
177.44956838080782,65.82994215678552,79.36631339434557,68,181
174.4021340250403,73.86459238371069,82.93854640099511,78,182
164.78692431542046,79.65198064995391,79.18207030745822,69,183
165.49374245169898,79.32688725303771,92.6303184380274,65,184
171.7915778888274,86.5661107485321,78.90049085378573,79,185
171.3592593347405,66.68370933109621,81.35409838777531,67,186
164.86821414260652,79.453506976253,92.47128437005011,67,187
169.62219129243894,72.08844440882689,81.34249044506254,71,188
171.89035158240605,65.71244366033636,93.14260101145547,67,189
176.73629510032137,65.55771525346148,94.94674745434057,65,190
174.30381132642083,65.12955309284885,86.05493490481152,72,191
173.62126040021533,82.66558899423711,83.59804750679238,71,192
170.50021145132808,79.2500238878223,93.87093207400747,68,193
165.2537922440897,70.5170436517149,91.91991907868491,72,194
172.74229288150255,80.55650612628222,93.8707377544839,66,195
167.60212694844813,71.8765035218605,80.22807736773352,74,196
177.03167652056752,76.2913415989315,86.6990226500888,76,197
164.47963980860214,82.3668424585772,89.24678238352267,71,198
171.79067786380566,78.7930482720319,88.95494139130376,79,199
169.7981309662956,83.6582464509817,89.63608128894248,79,200
177.08745909077928,67.17799322698383,88.72230369432717,77,201
171.83259227168992,72.80026477058024,83.31573786292999,72,202
170.54708578943143,79.4164796031218,88.49540951913347,76,203
169.71326266141276,68.88744883264306,91.1119844687135,80,204
173.23722558459954,83.84199414788773,80.70575811317664,70,205
164.5532047722718,66.05871226657582,92.64395231420524,69,206
167.71268912807395,70.04055399049855,90.88232863509654,73,207
176.57839419431963,65.87780980518271,94.95515287519488,74,208
168.7883478870067,81.26669703605853,79.61673275721331,75,209
176.00060914261184,75.67854669836522,86.82990161153579,78,210
168.87388438692648,83.81299012115423,90.17871560791116,74,211
168.04390500432228,68.52182371873513,93.11925230563055,79,212
168.05606370779546,76.02448492510833,93.61736488547093,65,213
176.82946632243895,85.93104063615272,80.05709267065141,76,214
166.37835909612988,64.95687365195528,84.7301818473566,70,215
165.39814621622986,65.32099621912805,94.93598136207974,68,216
176.38917366550228,86.78607256956451,79.6934815505263,69,217
173.70162023009965,71.28137047536309,84.5271728625517,77,218
175.86915151572046,79.17497329368203,87.42802345358601,65,219
177.31485290751428,76.76630500273428,85.59410770971365,66,220
171.40336275638813,79.42516951669901,84.52578340348387,77,221
168.18023247128548,67.45872994973415,92.1841099825329,72,222
164.36677786068893,70.56729144341612,94.95774280754871,71,223
165.10386819305452,76.22380296526904,81.62826405155734,65,224
168.91082637028995,87.3898133789349,87.43030121619924,78,225
176.81616653211148,81.98129275851099,79.13423188308631,79,226
170.02528148530425,69.10641829528291,94.24805098831258,65,227
167.36088423800368,73.52827429968039,90.31422831893123,72,228
170.62845127915259,87.12786498110876,81.07939826430828,67,229
167.29892534274524,82.1252755577552,79.8498011500186,70,230
175.28611735315297,77.64142595569388,78.38501905920302,79,231
171.0088263029748,80.90307912839512,84.7088300841178,65,232
166.78316595596564,80.3716733658852,81.9077978536182,71,233
170.10450335488744,77.51063968309084,88.0732201796792,74,234
175.85475359785002,65.28697819264853,86.58680791999211,70,235
166.0210389310536,66.1789482142348,81.70075791127266,67,236
167.4387442753838,73.0722889033099,87.9858569434231,66,237
167.10564461527784,86.41746665375803,90.77621033940429,67,238
177.06438204920119,64.53265255726802,86.77298928163283,76,239
166.92872588456953,85.41016540211265,92.51625359342192,72,240
168.17362874993242,66.19975205471258,93.08476216045196,70,241
167.65305861424753,83.8410235130663,87.20959513525457,79,242
175.4702958211208,69.93615051476392,88.7296870723829,81,243
165.5830029774163,70.98898920600526,93.45727285647766,81,244
174.79173660450044,73.431723096903,79.34413881362688,76,245
166.41167168811523,70.62836082088796,88.46929331133038,65,246
168.75339997923723,86.05488845553529,90.81242626141999,67,247
171.09601893041187,70.08913406604887,86.85206217447715,79,248
166.72058706734393,69.61375472056994,87.658300370822,81,249
168.00327231682766,72.05171818121188,81.73185166004052,69,250
168.69389981972608,85.08075358607468,85.5388109499746,67,251
167.16986711311074,86.55352109355795,81.92840158209636,67,252
172.06659999830148,70.5162306818889,92.6184909842436,69,253
176.24127566428848,82.39267059247447,91.47467243675875,71,254
165.27569978143393,65.30695031004997,94.01322006635262,78,255
169.46499166598198,71.45262656892783,79.94331150792196,80,256
169.11131451992256,67.57454704840536,93.39598414965604,70,257
173.65418788025022,65.09434817389409,84.83622389214807,67,258
174.83727604802468,86.66465605740304,81.99390532056702,77,259
176.7875532374872,73.86797699672502,84.87509465156383,69,260
168.6069421615943,65.83540732627478,81.61201377239091,73,261
170.92498951655097,69.99573719259982,94.06119353292914,67,262
170.35504054781953,65.26517445721765,87.9613982962996,69,263
172.508350671612,64.43371990556071,79.95903798811547,76,264
166.69827015524697,85.16314281988736,78.38314960545914,81,265
167.90405761356976,69.57670979063174,82.00682661525607,78,266
167.94995748011388,65.6106574492813,86.66418705948261,65,267
174.6433214507361,67.45354877967074,82.26705369617203,69,268
170.3486049604327,74.83840938007884,84.31863535620971,65,269
167.36066475991367,84.29758166977133,81.84552494930868,78,270
176.90124906913005,82.57490109517433,92.65635102566095,80,271
177.04263238996322,87.61169088503348,92.87899867549115,78,272
168.40445506324915,71.15787577313621,79.14640775704449,76,273
167.80614089476254,82.4599850604645,93.14680149777774,68,274
171.9110807809414,86.62456659250132,91.62664139704421,81,275
176.40957349659578,71.0688000749095,78.48154785093344,68,276
167.39533963716374,66.65129337448182,93.78441159854674,77,277
166.47228179053775,71.85551201485045,82.41191285153639,66,278
171.8871262041439,74.72493658052805,86.53626109733925,71,279
173.3684369896972,65.4062977485933,90.67513216645861,68,280
173.0793760466774,77.03144223054151,91.37090602501361,78,281
172.8101238540159,83.09378627101987,80.64689542832106,75,282
172.99405989420242,80.9323026860517,88.7985703737192,66,283
172.15723517999055,79.914333321286,92.18405611519344,77,284
173.58047071678482,70.79525851731755,89.45030901741616,65,285
175.81569333095854,64.02115410107812,85.20319207303676,74,286
169.68831122765118,78.09718514907726,88.51059689625815,65,287
174.06250234170093,64.15094603730297,85.73312183345736,67,288
174.3421289126764,81.2719587350228,91.994999343205,71,289
167.51394890684185,80.90888473945523,85.28640319801329,69,290
176.91064549794686,87.80033991010214,89.66945468382872,71,291
169.7491616213516,70.26403086510659,93.36064893444171,70,292
167.1773011636365,76.09282803337112,84.43916141586429,76,293
171.1574830805518,69.86640193254249,81.38878892426946,67,294
168.552476618465,88.11782493567384,85.08650992867776,66,295
173.04467318474843,76.56696791940949,91.77780320530803,67,296
174.16112387036293,72.11435195837404,88.19013180955591,76,297
176.64730452914955,68.56525691531554,80.59234225133885,65,298
164.29485834114772,79.92763971647908,84.93868753125189,75,299
165.10546222547558,70.44265639430459,92.21708249282064,75,300
174.07290680638198,84.32455674959927,84.71042433378857,66,301
173.21180618152778,64.64810392708993,89.21652634637448,76,302
176.18006539238723,79.01625499625595,84.2660975115267,69,303
176.0428529341728,76.22979936840949,78.86725555842631,81,304
172.98468652364372,78.21315841828094,92.48629608986806,74,305
166.03963346253354,66.40168183165001,79.14797889642877,75,306
172.99660156427598,65.32784164818892,84.13820623580774,71,307
169.56273414286167,65.42831387967286,83.75720106931598,70,308
170.3180244077138,76.70911532085482,90.84705193060984,71,309
169.03598879315373,84.41990215684932,85.99238337957314,77,310
172.600552063033,86.44456263125912,81.66195650433372,77,311
170.92427564227512,86.68218262084747,83.01267183149089,79,312
168.08524373064424,74.61757436549637,92.57246745646134,70,313
169.0448114255363,77.21529484051617,82.08464892159856,69,314
167.83592671452408,68.64237572053513,81.46778254372593,79,315
168.64212656486893,69.86137664022816,88.9443420087584,66,316
172.26638260786189,84.08684014363368,83.55985958585609,69,317
170.10515596991215,81.63695059047726,79.47467823976709,78,318
166.2432463051979,65.32851341850167,83.58934596205005,74,319
164.62472894447137,81.47740164478827,94.6477458088889,72,320
167.90837420068414,87.91847466387263,94.79692167226447,75,321
174.39391599509023,64.7567079665487,85.03028118039396,67,322
164.38765118165261,74.5409257195529,93.67577123194333,78,323
167.33074478536764,68.34668778871409,82.56406878741124,80,324
172.9765333728141,77.92156761636329,79.09642898024158,73,325
164.55090349614954,75.06631076805068,89.94756286110191,75,326
168.20120867716224,87.48287678187386,88.38336379658527,74,327
175.26301239125272,69.79702882500983,79.62798464872732,70,328
169.22508160998711,73.02178161083268,83.97178435683172,78,329
175.4949098896547,78.57260322591094,82.5300380973886,69,330
164.29309005559008,77.0561342547994,84.92822774104256,74,331
165.5845700857263,85.15781819369069,81.26560531556042,71,332
168.87883780428737,74.26698406660726,91.23188004146445,73,333
168.31034040593124,78.8782085877895,87.31230133896746,66,334
170.02725730861775,81.21464564553854,92.70547977135128,69,335
175.34278868355148,68.07928641408331,93.84679476499807,70,336
169.80451965065905,72.06665417861218,84.60223673867148,70,337
170.2324090577861,66.45640768133413,81.20994695246488,73,338
171.9865144054327,75.1895364595356,93.63591216710222,71,339
175.61948302219992,87.07838013949002,88.56510112057336,81,340
177.04898731462862,86.77266677940592,92.34066615962723,66,341
171.263995346974,66.15528996563293,87.77520223807691,69,342
164.89770788855753,74.13234901440372,80.74585445713255,68,343
167.38181065771576,87.03118259158427,80.37673940090724,66,344
173.97280096944843,80.42339250813649,83.27716090002508,68,345
169.51671268157278,79.91921418878633,91.26761388062354,69,346
173.3433606588806,83.62093300080842,79.83307124673507,74,347
168.61212151843546,66.96405212776627,91.67316962043067,72,348
169.5274049696249,75.34610157891736,80.47118605350796,66,349
175.10990466157693,86.359414660822,94.95220060519952,68,350
175.36339858164672,74.89810618248859,87.90801842227464,68,351
174.0759492014595,65.50660745781111,83.4964716785088,73,352
175.21005502792823,88.19688378648375,94.91950169611991,79,353
174.3931708596442,76.40868324164163,82.76800110207142,74,354
175.83678334216174,72.469109722093,88.66310376131287,67,355
166.90903612504346,78.12608447833122,90.18324362206087,72,356
170.85265295413473,86.69751177718624,79.36513986472745,72,357
166.03498610076042,75.2874513100006,82.15300110357948,72,358
164.92866264391358,84.42639646173316,94.60399007429285,65,359
168.94086371591752,72.87079267210453,79.08471131363711,72,360
174.4636522444657,66.5712317827347,89.98603568773764,71,361
165.90932224763583,73.26327623456235,90.83904279839876,65,362
170.97142539698532,66.25565756071347,86.61913747869625,65,363
172.9742872828062,70.17624580163275,93.23527625750046,80,364
175.60640475740115,84.87063765889295,88.9869823183131,65,365
176.3592025548306,65.74622873403995,79.4604475943571,65,366
174.41230106320668,86.24838937360165,88.13596821438634,75,367
169.929215904191,82.02387946060688,89.70998608194517,75,368
173.47530210769614,80.77628956404403,81.86003704798537,80,369
171.65133796911041,86.95404257830442,91.77299489218554,75,370
174.59226905392308,78.63177034309393,82.42882635605235,66,371
174.09680599029176,67.55997346104782,85.70705968485396,67,372
174.77656172379477,65.26552499127756,90.46631670928863,74,373
175.20327833973425,68.82096077263795,92.62903741437292,74,374
176.37282390164484,64.28979321589391,91.0145363973161,71,375
168.55889972008998,84.50611129898886,90.64253528059481,81,376
164.55735216838087,86.3166275396472,80.99767314906032,70,377
167.41243755974492,72.57625911909656,88.27215676655248,81,378
172.85965498290207,85.39366905630702,84.80984730104635,75,379
173.73160385030747,69.50153554720372,89.20437423270026,78,380
175.05696911089078,65.53697846554691,83.66953104078675,75,381
165.746131922245,66.27092655646508,92.44748247272503,66,382
171.66848873905565,68.90205099637258,80.82908152978327,77,383
176.4214579142632,85.82870206897498,84.30956990525856,76,384
167.2647776323668,83.52079948919463,91.27954811314594,79,385
168.9221630869724,68.18865832320328,93.62086868200605,81,386
164.4048311936513,81.19369149327675,93.98340646220097,78,387
168.01200109202688,85.62765990960627,85.78756495540416,65,388
167.96052320204484,78.96937908389228,79.29127803481845,74,389
169.07442741595764,79.58245808817448,92.97941356866644,72,390
172.54112304748497,66.20015768545758,92.52902268465841,77,391
172.96672113581877,79.40965506866068,87.29063388440795,78,392
171.9410635792785,71.46436370380123,82.22117309255731,68,393
173.7918456317908,83.14360744886413,84.30688750962004,73,394
175.340375444397,81.14489210091807,89.58153725161829,70,395
171.05610269166368,71.89532932824261,93.14498240153544,79,396
165.8104278542301,87.67664875531426,91.31879986915982,74,397
176.04644485431734,67.4511544305797,93.23196671566942,65,398
177.163779217945,72.2058917825504,90.24083604049991,68,399
164.5670540587269,79.83100128019616,81.32226839705865,76,400
166.16502425673372,67.9909865397867,91.69909013553968,80,401
171.0191544020688,70.86312928743004,81.46017203638593,81,402
171.05847611218246,67.21307392472401,81.18909730709939,71,403
171.81503729104347,69.1453110520715,83.75395893774444,76,404
165.38473290761618,73.7861606887924,81.82275029400465,77,405
165.1140440193353,69.26098659070244,95.04347247228671,71,406
173.6041851301053,65.97613777157234,86.2232846218711,66,407
165.42803093618824,71.65068979314367,86.31347031424828,66,408
175.12862323340156,82.70643064243832,90.12166454929722,68,409
169.5701630563303,79.06477243678393,91.93237607012506,72,410
174.64128826482516,72.96209136267059,78.68736150316653,71,411
165.03318222513226,86.13312590016184,90.9345648977639,77,412
164.6740952367165,67.45461707972937,92.57595268725515,77,413
167.6159612217183,75.01111167236347,90.2269259114235,68,414
173.66589694861716,76.11757825490768,79.37890721033226,68,415
176.69019984529535,80.96461976291565,84.78625457923798,69,416
175.0281304770627,71.69617747981921,86.72543838509,80,417
172.44934493015728,69.22750015108743,94.64366907748865,78,418
168.36513034675772,80.05869959691573,90.45007008392075,73,419
176.5471008145584,66.91375222033572,83.7803092395199,73,420
168.04364471935565,76.76959146212624,87.38736935923993,78,421
166.04981394472406,82.11614831924966,88.76116318911349,72,422
175.79925739983605,68.05402064201571,90.21640171894128,80,423
168.06801980423305,74.11383050588925,90.48843771620723,71,424
170.41169385580727,81.70385024549967,88.26527966706043,72,425
170.42740250727257,76.03934910532426,84.30857275761791,72,426
174.32253531595612,65.72730886480608,81.48720101952792,80,427
172.49133022603615,85.8661223446629,78.33400851829204,72,428
169.1850805159933,64.30465153738739,87.06846251644191,73,429
168.15989040350786,81.32319644581187,91.49517620358085,71,430
169.62479467464033,68.71793155928475,79.94031058058883,67,431
169.83202633067737,68.3460996818019,86.76297926330078,76,432
171.46465851328188,66.7940977852099,80.29942655406177,73,433
167.89238697512647,69.66638369680898,83.42147639952047,78,434
176.69628333605078,74.38788471231253,84.50078717907355,69,435
168.75630677785907,74.99914470158099,80.29254625269597,77,436
175.95494861381644,78.83488814365464,80.70499293249715,66,437
171.47112181734846,73.97779719849882,84.87934130176586,69,438
173.6193840273113,67.54607900756795,84.46552414600174,77,439
173.22867755924523,69.37981840611708,91.57540245747043,77,440
170.4429806512202,75.61770705097013,87.97279106298946,73,441
170.81676732929986,68.38270454084845,78.87247725440439,77,442
176.63703833443924,86.77744516483901,94.12049173876538,78,443
167.05817173908775,72.32299248635432,83.98060717755942,72,444
165.25045407483898,67.40308325168212,90.15733032603472,78,445
172.68707393371062,82.42550115650135,84.19723333013563,69,446
174.79313507744558,88.02166633769197,83.54317512430431,70,447
168.07110396690234,74.59304700943072,85.56453113192288,70,448
170.51754382876516,84.26279676712134,86.72911648575436,65,449
165.64831068603792,67.41168106353676,84.51160862661784,72,450
169.81773579709417,74.22121158092402,84.59662466495372,80,451
167.6869917502075,71.2931121281533,86.4260393418253,67,452
169.4406585737433,71.98710111746651,84.0268568298714,79,453
171.58378525430516,65.00457577593868,85.63235637147038,78,454
170.9490785609822,84.1665889345536,95.1653698695799,70,455
165.03470914845596,69.62876695118202,81.20056057660547,76,456
173.37312080764255,79.89047630726898,93.7683688002886,71,457
173.4019360249473,82.94531796373523,88.00944778015587,73,458
171.76229891739288,71.11123458586164,94.96802849724267,72,459
172.78832477962172,74.7290526186513,91.76245145507478,68,460
166.69950229451916,85.04119818515505,90.42291758654827,70,461
168.39194787522172,65.62363590698801,90.02967817484489,68,462
166.69810004679803,83.72183811666287,89.142889242876,67,463
170.62567478265325,64.49058722834653,80.96919927483756,79,464
167.8682446289466,84.09046422501488,82.18067300980411,74,465
167.8867428796238,68.22767014885336,80.698709711446,70,466
165.33442053854412,74.39074243084674,83.94450341880938,69,467
166.42907214843842,72.84815358138215,86.930375163312,76,468
174.3186716208092,72.44344548820703,93.84266024740741,71,469
171.28279482284225,65.26488808565695,84.36887817883573,79,470
173.29001808066383,84.36976624373605,84.22684552101076,81,471
169.91026229688703,72.48470376935151,84.2001145788466,66,472
175.7963888527248,77.91142683892019,90.87983422959962,78,473
176.5758199629226,70.06115851920002,86.00800725635804,67,474
167.86106595618418,87.99686288827515,83.85486840581919,72,475
170.19733028633235,81.95563860909309,88.33650601139054,65,476
172.91147027819358,75.01205584491622,82.39394925546247,75,477
172.18881396209844,71.32986628111892,81.65034731069196,74,478
171.04756043433204,81.60854217960585,79.23809014054308,65,479
170.65478906230842,86.66292075451251,85.94293529070214,72,480
166.36849118503554,76.70504274803417,81.10630492542965,66,481
174.55289923139804,74.48090603546956,85.37575222137447,65,482
173.33548645428377,86.57590296635982,88.71266901575675,76,483
176.16532822183777,73.98470781564393,83.13447196699778,71,484
164.62094309615998,74.84092898365131,91.38853176857312,70,485
166.52687457285322,70.77205594461032,95.16049755041641,78,486
167.9046951845302,75.93686510836814,79.26420819886764,69,487
172.81833100659762,76.23681641169254,83.2604328558766,79,488
175.4410278783817,70.89624769520884,93.16548732606209,68,489
168.60345366370666,66.85726532313097,92.30408960853165,79,490
176.16887115907045,66.55905498053073,83.6763855617408,72,491
174.55450303803084,83.92528547403927,93.45160583225325,77,492
174.17205109988987,66.34267112544822,81.72566136886938,70,493
175.83618593452752,78.73513164694816,87.43815769976776,75,494
176.47739464197542,81.3848191807256,79.97826886067497,78,495
168.01596400792192,86.4725301687551,78.92774066448312,79,496
174.90362134732894,76.26748366703553,86.07047986443177,68,497
176.91043715778056,70.1176584543544,93.51773903041263,68,498
177.29082472993775,77.95479136053088,80.64062028466293,67,499
168.5597606657437,80.90209461442626,84.6377477856775,71,500
173.641519841078,73.47029617495703,94.83842824199803,75,501
170.3330454922563,80.77905876758464,93.05188878795266,65,502
165.44485456515818,72.25910395437043,87.29186466490302,72,503
164.7445595708808,69.61973118209647,91.8733496009753,75,504
164.38437484508344,82.52886690939043,86.48177558500777,79,505
173.88687731326348,71.40743319932105,81.89118213312847,72,506
169.10832495742076,83.16280521010603,88.57886359810374,67,507
175.36537293323642,74.5404919644333,84.9204749846265,73,508
170.5287995008594,88.04268139660354,88.0888402678282,77,509
166.97906711528034,77.18130068061082,78.47426621325519,65,510
172.2369338494509,69.64084902382601,78.89553864896573,72,511
169.88953021257208,69.42913086964391,81.54958659585685,80,512
174.0246879037157,80.38277521227013,91.58634357705813,70,513
173.76808895118802,78.0877287144674,87.525643521029,65,514
170.63270742566522,80.81183089233289,84.3226442199146,79,515
172.20937617602308,67.33363720747964,91.74891835156374,72,516
168.14555163650084,77.54233918485788,84.71427320904648,73,517
165.51770163035425,84.48243314522715,85.17922403426157,80,518
166.55522397497748,80.69132600150967,80.58677822169626,76,519
173.85580640961703,84.34568392856248,82.87666663604227,66,520
164.75915261775322,82.5755089592253,90.07780309649063,73,521
175.95691411829085,70.77374858146138,89.82503907330116,73,522
175.2758651187688,71.70189317014062,85.82368248903293,70,523
171.42989227937522,86.91183509944229,90.00434488469033,71,524
170.11881796955825,64.80630177218767,79.77465608433307,66,525
171.51401908118686,67.31390934332033,92.61023811175215,68,526
165.7913847437613,77.78746558147847,92.17077395182352,78,527
165.82080490458637,74.40563572201464,82.507359912948,70,528
166.3238941355243,87.02754712517782,93.18013506516021,74,529
168.85935295036649,77.55123841053528,81.64218087081245,68,530
168.55838262441603,78.79798559605696,86.41475786735592,78,531
176.53036674811955,82.78715646508928,89.06081636032818,77,532
167.2439200828527,86.20670811492286,88.82823367407727,74,533
171.54433558048774,76.67602019662894,92.97504899813055,65,534
168.17702980094046,69.68122062220601,90.68906416503701,67,535
175.76136101534289,83.58806561120122,88.51218442839071,74,536
172.90292194116492,75.07631626334755,78.66821498123596,81,537
164.69753069850015,84.64597698816773,87.44445161336498,78,538
169.36037072977086,77.99373557914407,79.20325850841789,75,539
174.6413980165352,66.89276156686792,91.57187475249812,80,540
164.7306349163771,66.83022184609814,85.04366295718216,79,541
171.15811979205083,67.67084244553932,88.39988318698221,73,542
175.06414209422158,86.02232233628554,83.76413069026145,65,543
172.9398205245124,84.5077834759194,86.08388383039036,80,544
165.74139541239737,84.89277154260267,94.05575822393067,71,545
165.97635231673405,88.18651211671103,87.69286990683653,68,546
171.41623330453712,85.2874409436536,80.78542313328539,70,547
166.09048632272336,74.52716123691869,86.44988954758685,72,548
170.61065507348005,69.47458176301136,83.33162714806342,66,549
167.07594721324344,80.53877318170346,92.25527259995924,81,550
171.42332311778011,68.6223390107569,84.86117088241174,81,551
171.07709403340698,66.1617724569734,79.27468515003673,68,552
164.9617199727424,80.69624547733669,80.69706634603737,77,553
172.8040914033586,75.41642094557899,82.13997841629165,67,554
173.52798438381276,77.68424955346106,86.46127183110221,66,555
172.95389411792326,77.59694415097098,85.94853259164312,73,556
167.25260911414426,66.35587938257113,79.39506938453951,70,557
170.83057844315903,71.23524864507014,88.84304687334223,71,558
177.0325794616976,81.26783295719703,85.06220957128129,81,559
164.75765608945812,70.26843992446767,85.99538824995805,78,560
169.82743950124933,86.04881592414817,91.7728917021648,77,561
175.27176622949088,69.82637942525382,86.30429040281895,78,562
169.72452070526793,79.6772921943977,93.43235170820522,81,563
169.56920286901584,66.72477389367889,90.62738155375794,67,564
167.4745695087069,85.06550150308206,81.88146801876978,73,565
166.2587052597133,70.15129198096642,88.96921109998134,81,566
170.28616878979733,76.06146611687578,94.08314314105475,70,567
169.17643269076027,81.41589098057968,85.59372272746053,72,568
166.40110312832041,73.85618669752648,90.94807815880115,72,569
168.02975015515875,75.5804051835057,81.18699048815681,74,570
168.77269842737752,82.28420773323685,82.24847572637306,75,571
173.0987893641328,68.17716802712664,94.57632622121562,80,572
170.7794031151844,70.07178358774476,82.91151131943613,76,573
173.7671726640248,65.42722399907669,92.89815741250369,81,574
167.88650025509543,87.94904235971937,88.14667594943329,71,575
175.21965613694798,66.05980802314399,84.5336261604465,81,576
169.57635928155045,76.14453649528883,79.27628069793774,77,577
177.14317214312766,65.54231904769688,81.7872654529377,78,578
169.95667573023303,77.92229665065379,80.521379439346,71,579
164.3605870543095,86.11016498708166,89.61458797540264,81,580
173.01420305176376,86.18699457432226,85.95427869874901,80,581
167.3334833358552,79.93948426636116,85.41239926780757,71,582
177.49103954852356,81.0642778702946,83.72067322373495,79,583
173.4306967352666,72.00815265361437,89.38863942369026,70,584
172.5051538168846,68.6762293293266,85.09922413835967,71,585
169.2552923374376,81.4824523782919,86.77994613498328,72,586
171.26964672155933,81.30362736463299,86.8347334185707,80,587
173.4476157597276,73.14301723912133,83.04431477902574,71,588
169.04701273394474,75.72836836033227,93.64941862204444,79,589
171.52446521043757,66.57581252562127,87.7385579779182,76,590
170.912858253822,82.73709803977516,86.72847526985586,75,591
176.25159139872395,78.47773157386158,83.63858373717395,69,592
164.444152950931,83.46794349163879,93.28256733155536,74,593
176.09212197820494,81.34447718837265,87.95197873950903,71,594
169.79718924591796,86.7705000129121,83.83173907895758,77,595
169.71596842262673,68.44794319094818,82.00098919988002,75,596
176.52255523779198,75.90418289834254,91.78694621699263,80,597
175.7052746512518,75.20499824108687,81.18410997319259,69,598
165.57825718683762,85.34717819462838,81.42550257950452,81,599
166.24768168913906,75.83670334299399,82.13846963663211,66,600
165.04762922189,66.02440771473736,88.22400164763816,67,601
173.34841440059142,75.41310283721725,89.72045413564103,76,602
177.3012094189255,87.66656158817561,86.0369620095871,78,603
168.7777875352026,80.74033313169235,94.31675884874814,66,604
173.07173590919632,65.60753278587298,86.83391380994803,69,605
172.97350809320093,74.34984721561152,79.38864966279247,77,606
168.5414075599248,84.63156085865396,81.025311413045,77,607
165.1834157720158,81.07884739233657,93.27629273838777,74,608
169.7907742524798,68.8393760935427,79.67372215159433,79,609
172.7151295640785,72.07648191967505,92.1755471865088,79,610
165.06497231816908,65.43867516924897,85.97073762433583,67,611
164.94539914781961,75.40563064033648,82.94545081757904,78,612
175.83518689106353,70.15155440781616,78.79215731725745,70,613
164.83766451029248,69.16345053039348,80.91868052179109,72,614
164.31561459446885,84.21937630394474,95.11428240405951,72,615
172.87762828157614,64.0803900418389,80.88797173252522,69,616
173.83859200369554,76.96296163746678,80.52841527874347,75,617
176.7307116087985,67.14708350633123,90.76816309522668,71,618
172.83089152479155,70.81457269321014,85.8737932212185,72,619
167.16734856191695,87.16625605999627,81.69223671794589,76,620
173.66091927704457,86.73389082196115,83.3143277899921,76,621
172.9361828157493,71.30849963943999,80.2344401335702,79,622
170.56080073096297,87.25089247266757,82.1940751695824,77,623
167.78071886866238,87.3094504896181,85.69921829960994,69,624
167.26967324298343,79.67694836694325,86.38231819534545,70,625
174.54215178671075,70.96553451219891,89.11548683989766,66,626
175.88344964390737,86.0967450022825,80.31725880586622,65,627
168.49488671932312,80.81590871231408,78.48719322120883,80,628
175.33246046161895,74.87177382733378,93.06740643077954,80,629
177.45951563796558,71.1987713006651,82.57304151204394,70,630
170.49625367641778,85.87848266040294,83.41872080070625,70,631
174.96571231111096,69.44652708765983,85.7478794441494,74,632
166.7269557039089,84.6537631285786,85.13316172585797,81,633
168.22322647762002,82.76917753560232,86.70876235653533,66,634
171.55476147473001,74.19945982821793,80.99773424100233,69,635
166.88759816279318,73.29634696643751,85.03685360887256,76,636
175.40898222099037,83.092640653764,85.88750015323865,69,637
171.79338763508363,65.93547296911234,85.22219023572352,79,638
167.21060204505568,66.81178939607881,91.8855145396468,81,639
176.88098872386485,66.76160010708891,94.32273497517912,69,640
168.943332987766,67.41310185909319,84.75107590972135,75,641
176.20536294983486,69.76094996892253,94.15398217671104,70,642
164.3755740426323,85.48077796913459,89.34670298296477,80,643
169.7925290308999,66.90336987717357,89.31793039584103,81,644
172.44834445542327,74.61884341567747,81.9449273850482,73,645
173.8166099094576,86.24802986487383,82.842856043489,78,646
172.82793532393205,76.76696274086375,79.99061453627507,65,647
166.21270751043048,64.77595301124602,90.35385331937142,71,648
164.58934601125057,68.83684210344241,83.02190837990462,72,649
167.64511624124614,65.265026382611,88.90305160469218,75,650
165.48614842972987,74.66489769330178,94.06480855200198,80,651
164.39159483609725,76.71270909442227,88.2391083163915,73,652
165.77691862027606,87.32085554837204,87.3600422203276,71,653
166.3278782078448,82.66695626576771,81.65350303909793,65,654
171.02630267666802,70.62481301358433,89.31384344468972,75,655
173.68495310001833,81.1835524052139,80.27404058718146,73,656
176.48635889325047,81.39267436204405,82.20318646535559,76,657
174.30570359241446,74.07182397412109,91.25947643873272,81,658
171.96400760756427,80.96147037418086,92.77873544961871,74,659
167.08906054575917,74.70604969335288,94.52612865743347,74,660
173.69062445736174,75.5896516544471,88.47691019597022,66,661
165.7445744885676,81.33698156123012,83.56206397366645,81,662
173.06875809156372,72.26839907851104,88.34575244410561,66,663
165.51411336779537,64.97395251598613,88.05130166013105,81,664
169.0009985061413,81.3939019891475,87.22714210330028,76,665
170.7305530020679,77.97865377020804,90.23286912239774,70,666
167.0241208987527,86.99930855666842,87.27281422993622,69,667
164.93054589004257,70.10751090482735,78.84974608593292,71,668
166.90462081057896,73.59551758820152,90.2141013158464,78,669
172.71821216619134,71.98335483929667,92.66371080284706,79,670
175.44454066803945,85.26364629506558,80.04387111180971,70,671
166.20508863399925,72.1394305397876,82.29869179415492,78,672
176.0955177482291,64.41282106685742,90.72641052212201,70,673
177.46501522571765,81.00673341798222,80.27579193122007,67,674
175.56560903341483,82.82430414793939,80.62891054001734,69,675
175.43452056690515,67.42595475197513,80.6199736348916,65,676
168.73998244152088,66.80929675586813,82.03065941440016,76,677
174.2808125566041,85.74434131569313,80.30582795107544,79,678
172.41475118253308,85.3844211758377,82.95323949228334,80,679
164.3126018058587,87.3505999279875,86.45795449139743,79,680
172.54178235003593,83.85575777460184,87.88764004679342,76,681
165.26102982202917,83.08922419448325,85.09351167329694,78,682
171.3852240797145,75.8830861515657,91.57596943059305,67,683
177.1477947899992,66.63501181732647,85.30549351238014,70,684
165.6081754212605,74.09509509288391,83.6567875393139,79,685
170.50769649222602,77.75320674657785,88.94804294830003,71,686
168.74679827898683,66.52107074868597,82.93754589660931,71,687
172.78394620073598,86.68779388225438,78.54610274553562,78,688
170.42686121601355,82.00741501314684,83.43315716039073,68,689
169.7440415713919,78.55280015616144,95.11437057855295,68,690
168.48198315289483,78.6809784957312,93.33272614722412,76,691
175.07340205678517,74.30255751880532,89.7108935786814,67,692
172.2097649012797,74.54966529368563,92.580148002035,77,693
175.9328519213248,84.89034777686956,85.15633717609046,81,694
172.03880379959642,65.13914911074043,81.01740675361131,77,695
170.83543924908614,78.54183194640558,93.5652533892975,71,696
172.3080212668031,87.97199431350771,93.35764462505776,81,697
166.39827335210134,87.40911161524166,84.63727578538635,77,698
176.4207262885537,86.40486754170769,87.71646969902068,66,699
164.62136673401315,87.29428422092985,81.97814347184016,73,700
175.7798685724944,68.54461911107562,93.52900080942908,81,701
169.7457860206771,73.53431870208668,86.69824692082973,70,702
165.26839501337878,81.68574825429171,90.20025865632888,78,703
164.73953250517806,67.3982187699415,81.41575333115203,65,704
170.43371471301788,73.45263488447276,93.85740446185848,74,705
173.836572193169,72.59021128173585,89.91743251616862,74,706
166.8890120080851,82.1545938501028,84.2283619491808,77,707
166.99375976938188,87.8662019654587,83.99985282890609,75,708
174.85284507482896,75.47961531049218,91.95624446700195,71,709
176.86645199397407,78.18157053880003,84.60863669497554,77,710
175.23521457206573,76.41254966040188,89.94692646782629,66,711
167.42486088819814,64.58975162713507,92.76004547216468,78,712
168.26493142141464,68.96314206429703,82.16059542165556,71,713
169.4508168075055,66.50322412301185,84.71822070101324,68,714
175.43606086930612,69.48004345810594,87.69695749979665,69,715
170.93867684772778,87.69193188868533,93.82576586047114,66,716
168.54032282979236,76.39880189773879,81.5146093578316,71,717
175.87344383528145,71.68683994877642,81.76155654962606,75,718
167.40632672908913,80.57255663588055,82.76707097277594,79,719
166.71923661852048,74.70531594776831,90.709766203673,73,720
166.73272343908587,87.70158487693328,84.47016346943771,71,721
171.0493889990072,77.77106734034162,80.71615446193464,74,722
168.1738995457079,75.20076245667741,85.68092529941254,75,723
175.3249612052011,71.07527231651302,87.31938661512244,75,724
168.42256498824372,76.76170140744641,83.05236292406408,75,725
165.727560977272,64.09622333897029,81.12578441209762,67,726
167.15355230602233,87.15318405993914,80.74516967055217,68,727
177.10337478899885,70.80125089097682,91.0829376332095,69,728
174.8334175999024,80.08723040657472,89.14162401309282,67,729
165.81528524206553,76.61924236989657,81.12877159241596,69,730
167.0376619853256,70.23079607312069,91.50453147588594,81,731
172.09224066952257,64.61151337137679,92.02869057015047,74,732
177.31196758839934,69.31652447137469,78.81796619044043,78,733
169.9857764853879,67.4087342592768,81.38638031400092,80,734
168.38836339555715,74.66212155429788,83.63281198077954,66,735
173.43502025001325,78.8423111059476,84.0871736934508,74,736
176.33881858296533,87.53875892130144,83.87084263673131,72,737
164.68843979418716,84.04848002730012,90.89323925283554,69,738
169.7293455301359,69.95024597158985,88.09470255675225,78,739
174.0922838989976,75.16420010228123,83.23535157447728,65,740
177.3622480276424,69.36343801805901,89.05650018242537,66,741
177.26554988726465,73.89616122392009,86.4296724377597,80,742
167.24920317172302,78.16112195598396,86.24220520535359,81,743
165.31981501098076,85.38146279097907,79.2423517301329,78,744
170.62985769340017,84.26168367225188,82.09031140957757,76,745
174.65672559820177,68.1985016170585,83.0748537215889,78,746
175.1988462405042,79.72024649085867,90.32081218501938,66,747
175.02506735150504,65.69069208800674,81.05137768411394,65,748
165.21375331980988,86.85704033014726,80.4200148025984,79,749
175.17284246329763,87.03041464283976,79.62314252047146,67,750
170.94801539762875,83.9589066075939,85.36200344918329,66,751
166.03461537133492,77.4342951204943,90.90226781605834,78,752
176.92410293295896,69.89028303070714,90.51856703271673,81,753
174.47672213439995,76.52474575431162,79.73707334942435,73,754
174.7609640054493,69.56484810860225,79.79846328313837,78,755
172.30020802690572,77.39642304229562,92.32961283116234,73,756
169.54741037425694,69.05895549467279,86.23708952097579,69,757
166.8908724284143,82.09229779971955,92.48022568486424,72,758
172.49771629004587,87.39219244038347,80.12132103434877,74,759
173.43043052815744,77.94896695495231,80.97836310133714,79,760
165.9470062089571,69.05136659278509,78.6083422595165,67,761
174.7861903585982,85.2576518911326,87.23496580066669,69,762
170.1428142612869,85.95805662445431,87.46129948637251,75,763
171.77871298771953,68.23914210951484,86.9961489397157,75,764
177.17409027750372,81.24991862052121,90.59522664137155,66,765
166.75225042913993,77.6089700976937,82.159721251395,65,766
167.6961647482601,78.39893441009023,93.29827473214662,73,767
174.9117509129391,78.24529856042886,86.21464925974918,80,768
164.9645731408698,64.74176144453153,86.00870244571054,78,769
168.2870991948578,72.97003678959025,86.93008889165601,78,770
167.66838192815294,77.21741297693639,81.09706255319938,76,771
166.77832567471688,83.5743845895057,94.11547817092068,69,772
168.57481650013204,77.57954404592843,78.74154469755263,77,773
169.12311877854575,73.00924733130785,79.99116794405948,76,774
164.32363967925022,81.94506050975448,87.91966946169714,74,775
168.50159285413136,77.11091778819318,80.50305199836012,79,776
165.95031773707095,82.05602863544722,86.96217289448192,68,777
168.77943839350215,69.86740020299241,88.52755262040574,68,778
165.3999435311823,65.41949564739076,90.3678021851178,75,779
164.29304204721032,73.18121090592166,83.44521136520552,73,780
169.21653204058893,66.02423827467814,87.40651765936579,70,781
173.3489414918028,78.15033248728533,88.05326591921978,65,782
171.7730716847643,71.11368534051414,84.94399547520052,66,783
165.80952191320225,86.95638215381163,90.66760836664537,70,784
176.09312011236173,86.51569777959428,85.20490548109747,78,785
166.13069292448887,68.6717733076644,92.80262274669585,72,786
164.7226174878868,79.7939371525733,88.34984558626911,81,787
167.73207782691807,68.87100868711941,86.71934085156093,73,788
177.08577542544572,80.83462325244224,84.25999760744878,73,789
165.98661259572214,84.60675113361626,95.09498587474657,78,790
171.38929067198148,85.07083357237282,87.9872400599845,71,791
173.8783580275275,85.89719742598847,87.91666742178025,80,792
169.9341039420957,79.9316452644272,88.23852614701391,79,793
174.971983886702,71.9107255332324,93.86883209219981,73,794
174.6522556725202,78.92978506928134,82.04383841335489,73,795
175.31659465107418,86.8852445383175,79.41033241497145,65,796
176.6249629149434,76.22967834693469,95.0387422594333,77,797
166.15917403642067,86.24686744423205,88.98629154045577,66,798
170.0455236035211,84.80502354869817,92.64962246430795,76,799
168.72398385488455,70.30473157610442,90.78814918484923,71,800
167.7583050411744,81.06957294649625,88.13967513878947,78,801
167.03358250037357,84.02129869421135,86.89356053697855,66,802
170.22410209493938,81.81538756151187,86.08304573772271,74,803
171.942273774999,70.9261989777123,89.89664687914846,72,804
177.16543687661175,74.48756576152753,84.40183426166132,79,805
177.28170357309781,81.71454310380503,89.83376096513433,66,806
166.08713456134956,76.92461363832226,84.61591980279181,77,807
175.57836390414468,81.59555911203466,93.59603299936,71,808
165.26722307320298,76.41167836912264,92.9645086578829,77,809
171.56808755465292,64.45690868846103,94.86427124040273,79,810
172.56218474733205,64.86585535611356,87.8889834553358,72,811
173.3101664848001,70.74565755441945,92.56358545038167,70,812
177.4700377543435,82.198178406127,85.67620522838888,79,813
164.95069035021805,69.32854159662018,86.44552196310237,76,814
166.2095294281849,68.50413638118971,85.40526504124287,75,815
164.47330675402293,77.96376623681184,78.57308261500097,77,816
176.9964228580921,73.38699309264595,81.6212404852481,80,817
165.76916419818528,77.69765590304017,82.9889366159806,77,818
176.8161148505538,75.08272710680048,80.02588069688545,81,819
172.1476386095578,66.49981574207227,87.35186756246411,71,820
173.21748826351455,80.29482887232811,87.68815448889575,75,821
165.28000612519534,88.1626131804353,92.11376614531855,68,822
170.62133361395564,68.68562427122882,92.3632466245932,76,823
174.90170398774688,67.72518836107392,86.23856437388899,75,824
164.42123688325225,64.88395550813567,93.34363847962265,76,825
166.8832226941351,83.88094870231694,89.05265551380148,65,826
168.38618760687797,64.47959474246414,93.87535855683613,73,827
165.96101361645674,68.6711089207016,83.54722786964984,71,828
166.3966061508987,80.5415487675982,79.73971176557703,68,829
176.5075801230917,81.71693771234644,93.5090965849472,76,830
170.19765584163193,73.25835165932236,84.80343626054795,68,831
165.101686549693,67.61062016956453,81.61827708913383,73,832
172.34533614110194,73.80476527326877,90.41816351788103,75,833
168.91661234802376,79.57308985090837,88.93258269134814,72,834
164.82291677168627,87.06545593196495,79.19081856608807,76,835
165.9618548391264,67.642176120015,83.55924222782276,65,836
167.9752032433946,79.77056486322046,79.80553841362156,74,837
164.77180497269055,83.9590963013194,80.34560315663063,69,838
171.50410809170796,81.35449610798884,89.84386634741406,67,839
172.85486955318157,68.35956704609667,83.93234180015745,72,840
173.83023333572532,78.9515161764015,92.60717321862455,75,841
168.0878818844568,75.47649865556075,81.31168688075131,80,842
165.8325036899167,64.05645951913813,88.60386337429395,70,843
177.4810018695331,73.09168350749155,87.2707821261117,67,844
170.38882148497567,74.07106336776427,89.53633967622173,72,845
173.6756134910793,68.76299414088209,91.71727879880211,70,846
164.58561298893204,67.92394046248366,87.06911394062404,73,847
169.02562095818809,76.3972643377526,88.4953567572622,74,848
165.7950848483634,64.49369451436301,88.01106198392108,74,849
164.8671613080954,65.83237147294389,91.02163793979568,75,850
176.6198908288109,75.46934193607562,79.1498391274727,72,851
168.47777120899974,70.72564821016118,79.37659958814594,77,852
169.4543357546965,84.55692998830118,87.69386563245418,75,853
173.77818664355976,66.81565976549282,94.56150273414919,74,854
174.50202963985632,85.36201655610091,85.78538179112715,73,855
166.86693728041948,67.56440309166699,85.79885615259559,80,856
168.207670930571,81.44593039711353,78.48677671179838,80,857
170.26414034554438,84.68457071260656,85.40241500895696,65,858
174.95464077152596,72.40990016466725,83.86499012790894,67,859
168.0068135192114,67.20786181112372,82.30796718474963,67,860
165.2944083960514,65.23051053931607,91.51070013928124,79,861
167.90766642032153,77.85483788961182,84.18006965872529,69,862
177.47355879419726,83.24678009120552,87.9670130627775,79,863
169.7846067446541,81.98424129024225,94.80117979657726,66,864
172.09109523863773,76.05520112649182,79.48094887022985,75,865
170.69342486831147,66.19737032602741,81.59821092050078,72,866
172.60750917573733,85.87510498607858,80.61441536482617,76,867
170.8743203296668,72.69568883212355,85.18610791342095,70,868
176.9368735189266,82.93681641341236,86.37822226672988,77,869
167.33527423553107,86.2370549912545,89.65978836719256,72,870
176.01882741942723,85.61777559414266,89.99635489789777,76,871
168.67557424212075,79.36379760827928,93.94002415211824,75,872
166.04476510003684,82.81463408806027,78.38318715618314,67,873
165.50822980617164,78.30066188072355,83.20520175855101,72,874
170.66728767288308,78.71620201324916,83.0369296500239,70,875
175.82538878672665,74.0506175957196,89.51396476262718,67,876
167.35754227324017,76.95359986086146,87.50464773238683,73,877
170.41335130350527,79.65414493459251,88.38288463144383,78,878
166.1313572373319,77.13255964730222,93.27281777195321,78,879
174.9727211651119,84.04539945387234,84.2204579227784,79,880
165.8386055364806,79.88701919526143,90.07243927761063,66,881
169.43712207632282,71.1437444700644,94.17735682679648,74,882
173.69679210349355,85.647292119258,78.35055356289328,66,883
176.30215746661602,70.6965644592463,84.87684278167282,77,884
175.17091936815137,75.99289750083648,94.45642820057273,76,885
170.51644429460185,71.62681628615235,82.98103146224055,73,886
174.3540441599758,69.7966596686857,79.23886805574358,74,887
169.20588858233026,66.39802167199636,89.35728201873557,71,888
172.9649012851619,77.48391577895623,82.24597121092641,68,889
167.97647123915277,69.91210480291505,86.37742951018318,68,890
175.46800106628774,73.37463949845154,85.0697808064068,78,891
168.08944897665623,74.42088228586923,91.37833661295419,67,892
172.92083951047525,65.19865212632953,86.9294926893413,75,893
171.51143406434687,70.48046068275718,90.18531282654095,66,894
166.80567595963478,73.04630094302861,89.74252767624007,80,895
171.8140834667567,64.00529366728615,91.37608006752502,72,896
175.18045745529597,73.61558154467609,78.35631124162366,75,897
167.04413914943288,87.71226639634367,81.70641637917713,76,898
171.45970705183865,64.75227657469581,84.28773692020874,81,899
169.02258327163437,84.38123223634756,90.24815497062433,70,900
164.269558801227,67.82682224090595,78.43360801069451,72,901
167.9192946769754,64.48407853592703,81.62519124187017,73,902
172.54880638716446,69.0890909998876,86.98624883791906,68,903
165.9522738927582,85.04277020624212,93.12041854293898,75,904
167.85497933053497,75.48051484275234,82.49147172030581,69,905
171.18504978259588,87.01094632408547,87.51182622470482,65,906
175.02776070949827,84.60812916514605,84.24929303514759,66,907
173.1402736679676,81.6157088743179,89.2789966689998,70,908
172.3617482160444,72.28050681836677,80.41699127870861,71,909
173.5279496235279,76.98238938028192,79.4081754056671,69,910
167.9666115300503,83.7843631717163,83.37645959106678,80,911
168.1517770027668,69.73763025944217,89.37748277380804,78,912
172.52158892333247,87.84003925301734,79.84222154769095,72,913
167.69243007401104,70.03363222968424,84.877780823062,80,914
166.40584485093265,75.22627410917909,81.45915550874047,73,915
166.388385002979,73.8690328272449,78.58542382287038,81,916
174.7139036412358,67.13771222185801,80.16022130613838,73,917
172.9780176518575,76.37198823556864,80.1728191800623,65,918
176.14067634230824,71.91962423199675,82.1017034515232,65,919
176.73509300904254,74.42946176230812,91.73268420877544,74,920
173.21129411202125,87.34615663909644,81.71111898834565,74,921
164.45619224589825,74.12161897293863,88.18040072064514,73,922
175.25477010877947,84.4421567960619,83.58947092785567,66,923
175.30269946936582,64.55934535811606,80.90770034994,78,924
166.64447727984594,85.59337318699366,82.08339782960124,71,925
171.16765284700037,85.36338629943059,83.37877947974455,71,926
173.99991651098873,68.7503664978574,79.50078193799432,68,927
165.434459481175,67.81751603630742,92.9229094440395,66,928
174.63856829264617,75.62036372778346,87.38996382612369,81,929
174.26773049118947,78.99326242695233,80.87595453054772,69,930
172.97115267346103,81.58348326204498,81.54499025498285,65,931
173.67726163719337,83.82578477523478,87.68121895965558,74,932
176.69080667732433,82.09076967413213,89.78778446489923,81,933
173.33307752485373,82.26344107775071,84.04450385053401,66,934
177.2785123445658,77.28474178336117,90.9428943428005,66,935
168.73135974873628,80.34174289721516,94.88457418164349,81,936
164.905519603654,85.284154748114,84.34314635844352,75,937
173.79670686105933,86.52225116515692,91.26840492733936,81,938
173.77064534411122,77.79157088976908,93.05442547089244,74,939
173.68919250362765,78.9335675602098,79.21446076023983,79,940
165.75029102453328,82.71439255812362,78.34894186627164,74,941
170.68020346456308,64.45102688689639,94.61601319209421,72,942
164.92383351744334,66.18967609724378,86.39473034234754,81,943
166.02639674107783,76.1808787464429,80.58643406086038,67,944
165.43192779899144,76.73295272129212,84.05783298726578,75,945
176.63591822644173,73.77048917332158,79.44429406275157,81,946
165.0305742919782,84.8669185153642,86.64935590268595,76,947
174.80493801522994,68.70651306766413,91.00064830063124,68,948
164.70934517376605,79.49021496100949,88.32729858070374,79,949
164.62794474463647,69.1757372402941,85.11609029976053,65,950
165.13140647164366,84.01433401446786,92.41784507310562,77,951
175.09019648726166,78.93976590871127,90.33726938496203,80,952
170.48053005515527,67.99129012950058,92.56320879987697,68,953
171.5373550434646,67.31058840259692,86.27186679776236,78,954
165.27954285675165,68.25599694107854,94.33027473749478,67,955
175.06927151016424,82.68472768148177,82.67942642499477,65,956
167.5217831485409,72.054326060639,94.54934014825987,65,957
170.68614582359987,73.49613051608247,91.63710746009593,73,958
167.66900339547985,72.17033665824604,87.35633465825106,77,959
171.48596391303943,73.54899539312972,88.19022044811652,71,960
164.21226778873077,69.7147959838959,85.128368092241,67,961
170.733197344226,79.7025069001808,92.40842242835195,69,962
165.6271307666929,66.14159846399205,89.21092820920268,70,963
164.69107541904563,67.98122659915876,81.75871890952541,73,964
174.25039375557213,74.14070497822598,82.31392686251735,76,965
177.10552403007995,80.21300889544113,94.08396452238449,73,966
173.2756475772525,75.9808095727087,85.72570565829133,80,967
174.14569884418208,70.26230435461103,89.24715386669851,69,968
164.7067109901066,87.98512736901122,88.59407498255275,67,969
173.87016571716583,82.75613686061675,81.76447605139151,73,970
172.7623562510967,78.51919135616451,79.56945054821632,74,971
166.71460760651016,71.87379002233838,90.67783125697832,76,972
174.25678983392712,73.89877486491619,87.38788403346922,77,973
169.15650965570862,81.08079335586645,84.21108384581169,74,974
167.34827637301441,75.74018659024057,94.63043750755942,75,975
174.43024254349456,85.19357891850855,84.09342370506465,74,976
173.28665355414861,64.46286418714422,80.48061884192404,67,977
164.8294832309348,77.41761251574935,93.89271988265622,67,978
176.79254474974232,69.40762460391286,86.04972402329739,75,979
172.89785441626356,86.3782508043737,85.85194813935145,75,980
169.0476657719195,81.68722055564302,78.66097160737395,66,981
173.54985633252497,84.18361853267002,93.25571883399012,77,982
164.4251398245608,85.13907514138675,87.21619294530919,69,983
165.7686298426154,87.13056392981156,85.93998125317154,80,984
174.90366343046566,70.20571861670425,85.38424284943187,79,985
164.84147170542684,71.01289984180161,87.3385566397619,80,986
169.88945908151456,77.10157161792873,91.78399639655814,73,987
170.02105853820356,84.55908565047608,86.48602264986174,70,988
164.23357170498522,71.96123630600087,91.17011498653898,81,989
170.94927656786518,85.65268846148146,89.05718841110767,67,990
167.94880649959543,83.4172164314372,87.45827792271493,81,991
173.62271697761363,72.023700111349,80.12772401221838,66,992
173.57258686105214,72.4046001019683,82.48846639021951,76,993
167.0575111029301,85.16280011901813,83.2407240836639,73,994
174.78268847616917,82.4578053270608,90.02529540251889,66,995
173.04471801760474,74.50492019831526,89.39357554203208,79,996
166.1590839736145,67.86056144451834,93.83296007016993,76,997
168.0450709589947,83.35460421094922,94.95038772251549,70,998
168.25696798411167,72.89360700059481,79.47649425412548,65,999
172.54983331099595,68.50854372365168,78.97255800900643,81,1000
